,Student_ID,Age,Study_Hours,Attendance,Sales
count,20.0,20.0,20.0,20.0,20.0
mean,10.5,18.15,3.55,81.4,3.55
std,5.916079783099616,4.120232492162752,1.5035046776746235,9.455713950611527,1.5035046776746235
min,1.0,1.0,1.0,65.0,1.0
25%,5.75,18.0,2.75,75.0,2.75
50%,10.5,19.0,3.5,80.0,3.5
75%,15.25,20.0,5.0,87.75,5.0
max,20.0,20.0,6.0,97.0,6.0
